{"cameraMode":{"drawMode":0,"name":"Shaded","section":"Shading Mode"},"sceneLighting":false,"audioPlay":false,"sceneViewState":{"m_AlwaysRefresh":false,"showFog":true,"showSkybox":false,"showFlares":true,"showImageEffects":true,"showParticleSystems":true,"showVisualEffectGraphs":true,"m_FxEnabled":true},"in2DMode":false,"pivot":{"x":339.48297119140627,"y":206.90325927734376,"z":192.97039794921876},"rotation":{"x":-0.05278680473566055,"y":0.0005950137274339795,"z":-0.00004512700979830697,"w":-0.9986302852630615},"size":815.8655395507813,"orthographic":true}