{"cameraMode":{"drawMode":0,"name":"Shaded","section":"Shading Mode"},"sceneLighting":true,"audioPlay":false,"sceneViewState":{"m_AlwaysRefresh":false,"showFog":true,"showSkybox":true,"showFlares":true,"showImageEffects":true,"showParticleSystems":true,"showVisualEffectGraphs":true,"m_FxEnabled":true},"in2DMode":false,"pivot":{"x":761.4925537109375,"y":392.6395263671875,"z":-197.441162109375},"rotation":{"x":0.004184907302260399,"y":-0.04888519272208214,"z":-0.00020974903600290418,"w":-0.9988231658935547},"size":1258.110107421875,"orthographic":true}