{"cameraMode":{"drawMode":0,"name":"Shaded","section":"Shading Mode"},"sceneLighting":true,"audioPlay":false,"sceneViewState":{"m_AlwaysRefresh":false,"showFog":true,"showSkybox":true,"showFlares":true,"showImageEffects":true,"showParticleSystems":true,"showVisualEffectGraphs":true,"m_FxEnabled":true},"in2DMode":false,"pivot":{"x":-556.4017944335938,"y":507.208740234375,"z":-33.54606628417969},"rotation":{"x":-0.05278680473566055,"y":0.0005950137274339795,"z":-0.00004512700979830697,"w":-0.9986302852630615},"size":431.2726135253906,"orthographic":true}